{
  "name": "iframe-resizer",
  "version": "2.5.2",
  "repo": "davidjbradshaw/iframe-resizer",
  "description": "Responsively keep same and cross domain iFrames sized to their content with support for window/content resizing, and multiple iFrames.",
  "keywords": [
    "Cross",
    "Domain",
    "CrossDomain",
    "Cross-Domain",
    "iFrame",
    "Resizing",
    "Resizer",
    "postMessage",
    "content",
    "resize",
    "height",
    "autoheight",
    "auto-height",
    "iframe-auto-height",
    "height-iframe",
    "heightiframe",
    "width",
    "mutationObserver",
    "RWD",
    "responsive",
    "responsiveiframe",
    "responsiveiframes",
    "responsive-iframe",
    "responsive-iframes"
  ],
  "dependencies": {},
  "development": {},
  "scripts": [
    "js/iframeResizer.min.js",
    "js/iframeResizer.contentWindow.min.js",
    "src"
  ],
  "license": "MIT"
}